mus_triL_hum_ax.Xma,mus_triL_hum_ax.Yma,mus_triL_hum_ax.Zma,mus_triL_scap_ax.Xma,mus_triL_scap_ax.Yma,mus_triL_scap_ax.Zma
1.971058862,0.8437424907,0.4893666543,1.971058862,0.8437424907,0.4893666543
1.971058862,0.8437424907,0.4893666543,1.971058862,0.8437424907,0.4893666543
NaN,NaN,NaN,NaN,NaN,NaN
NaN,NaN,NaN,NaN,NaN,NaN
NaN,NaN,NaN,NaN,NaN,NaN
NaN,NaN,NaN,NaN,NaN,NaN
NaN,NaN,NaN,NaN,NaN,NaN
NaN,NaN,NaN,NaN,NaN,NaN
NaN,NaN,NaN,NaN,NaN,NaN
NaN,NaN,NaN,NaN,NaN,NaN
NaN,NaN,NaN,NaN,NaN,NaN
NaN,NaN,NaN,NaN,NaN,NaN
NaN,NaN,NaN,NaN,NaN,NaN
NaN,NaN,NaN,NaN,NaN,NaN
NaN,NaN,NaN,NaN,NaN,NaN
NaN,NaN,NaN,NaN,NaN,NaN
NaN,NaN,NaN,NaN,NaN,NaN
NaN,NaN,NaN,NaN,NaN,NaN
NaN,NaN,NaN,NaN,NaN,NaN
NaN,NaN,NaN,NaN,NaN,NaN
NaN,NaN,NaN,NaN,NaN,NaN
NaN,NaN,NaN,NaN,NaN,NaN
NaN,NaN,NaN,NaN,NaN,NaN
NaN,NaN,NaN,NaN,NaN,NaN
NaN,NaN,NaN,NaN,NaN,NaN
NaN,NaN,NaN,NaN,NaN,NaN
NaN,NaN,NaN,NaN,NaN,NaN
NaN,NaN,NaN,NaN,NaN,NaN
NaN,NaN,NaN,NaN,NaN,NaN
NaN,NaN,NaN,NaN,NaN,NaN
NaN,NaN,NaN,NaN,NaN,NaN
NaN,NaN,NaN,NaN,NaN,NaN
NaN,NaN,NaN,NaN,NaN,NaN
NaN,NaN,NaN,NaN,NaN,NaN
NaN,NaN,NaN,NaN,NaN,NaN
1.401934169,0.8831131067,-1.579131324,1.161866964,1.863366044,-0.1269923462
1.407021089,0.8846487802,-1.571456828,1.178409904,1.85395801,-0.1178700879
1.411283475,0.8860593137,-1.565273383,1.192755546,1.845682512,-0.1099238124
1.414519036,0.887358492,-1.56073469,1.204074491,1.83913667,-0.1036491263
1.416788541,0.8885656247,-1.557576574,1.212267824,1.83447046,-0.09912902772
1.418420013,0.889715864,-1.555271511,1.217995327,1.831339658,-0.09600917331
1.420017738,0.8908949925,-1.553114877,1.222604294,1.828940027,-0.09353502209
1.422462556,0.8922857244,-1.550198864,1.227983385,1.826095907,-0.0906342105
1.426851699,0.8941987187,-1.545347323,1.236308615,1.821397797,-0.08605453443
1.434314365,0.8970471137,-1.537135137,1.249642038,1.813400521,-0.07857597066
1.445698441,0.901237671,-1.524083654,1.269414613,1.800873097,-0.0672826307
1.461230524,0.9070001469,-1.505011548,1.295953413,1.783067036,-0.05182308034
1.480336457,0.9142360786,-1.479412053,1.328281503,1.759928016,-0.03255046426
1.501758892,0.9224841998,-1.447681531,1.364340093,1.732169863,-0.01046118974
1.523938803,0.9310415045,-1.41109149,1.401562741,1.701153547,0.01305962111
1.5454569,0.9391814931,-1.371516169,1.437544097,1.66858583,0.03658247656
1.565319016,0.9463616789,-1.331030072,1.470522737,1.6361416,0.05893130859
1.583011507,0.9523311427,-1.291512678,1.499551053,1.605150767,0.07934307466
1.598397011,0.9571186418,-1.254380713,1.52439278,1.576454302,0.09747254379
1.61156682,0.9609390385,-1.22051708,1.545271225,1.550460035,0.1132802294
1.622720047,0.9640781507,-1.190393123,1.562588119,1.527337158,0.1268666263
1.632087169,0.9667965193,-1.164303685,1.576704356,1.507237128,0.1383223356
1.639881394,0.9692716053,-1.142586034,1.587835572,1.490424217,0.1476486181
1.646261043,0.971577336,-1.125715392,1.596065343,1.477260187,0.1547669915
1.651290073,0.9736909643,-1.114226787,1.60143723,1.468065125,0.1595966597
1.654909711,0.9755137792,-1.108485672,1.604077435,1.462924829,0.1621592104
1.65695752,0.9768945925,-1.108390026,1.604306741,1.461528377,0.1626707027
1.657268678,0.9776617834,-1.113137934,1.60270953,1.463100995,0.161587956
1.655848118,0.9776766403,-1.121196437,1.600118904,1.466474897,0.1595813755
1.653034765,0.9769099927,-1.130531857,1.597492992,1.470292608,0.1574264304
1.649549253,0.9755123495,-1.139022217,1.595716487,1.473269222,0.1558487583
1.646382948,0.9738342764,-1.144862405,1.595420849,1.474404536,0.1553915783
1.644568604,0.9723665161,-1.146792303,1.59690812,1.473070003,0.1563603505
1.644936717,0.9716119738,-1.144114304,1.600187244,1.46897813,0.1588458944
1.647941459,0.9719346675,-1.136589513,1.605066104,1.462104809,0.162782785
1.653589346,0.9734447522,-1.124319544,1.611236817,1.452621041,0.1680025953
1.66146585,0.9759643398,-1.107653064,1.618340484,1.440846021,0.1742723191
1.670831903,0.9790870444,-1.087100597,1.626023993,1.427201807,0.1813300146
1.68076714,0.9823068387,-1.063251934,1.633999592,1.412154628,0.1889249194
1.69033721,0.9851643225,-1.036726327,1.642091723,1.396150916,0.1968548826
1.698766281,0.9873585866,-1.008200894,1.650258027,1.379567602,0.2049892035
1.705581292,0.9887919715,-0.9785204515,1.658572124,1.362689305,0.2132691442
1.710685283,0.9895486812,-0.9488257172,1.667173672,1.345722682,0.2216847121
1.714324905,0.9898326571,-0.9205971063,1.676190182,1.328847217,0.2302296753
1.716952537,0.9898958063,-0.8955327271,1.685646002,1.312295095,0.2388424962
1.719036293,0.9899784381,-0.875260841,1.695384493,1.296431885,0.2473528141
1.720898561,0.9902662923,-0.8609817464,1.705043608,1.281789535,0.2554617692
1.722656439,0.9908642647,-0.8531780391,1.714116433,1.269005394,0.262783683
1.724286296,0.9917896925,-0.8514975334,1.722102287,1.258643661,0.2689574666
1.725764072,0.9929952604,-0.854832274,1.728711505,1.250933626,0.2738037573
1.72719306,0.9944186796,-0.8615304039,1.734043914,1.245527004,0.2774662454
1.728845308,0.9960352543,-0.8696460293,1.738649649,1.241417393,0.2804592771
1.731101089,0.9978820064,-0.8771702978,1.743407708,1.237121133,0.2835666767
1.734332991,1.000037949,-0.882252839,1.749233304,1.231094757,0.2876043332
1.738796905,1.002574219,-0.8834340744,1.75673018,1.22222409,0.2931395821
1.744571306,1.005505292,-0.8798443188,1.7659604,1.210164775,0.3003006076
1.751560043,1.008772452,-0.8712903965,1.776452042,1.195380543,0.3087678017
1.759553316,1.012272289,-0.8581902297,1.78742586,1.178882781,0.3179386167
1.768316953,1.015914649,-0.8413840542,1.798101083,1.161811693,0.3271708203
1.777672395,1.019676075,-0.8218702192,1.807938227,1.145034297,0.3359964926
1.787529495,1.02361581,-0.8005108034,1.816762686,1.128873679,0.3442513014
1.797864738,1.027844461,-0.7777651002,1.824787334,1.112990546,0.3521190582
1.808665496,1.032461416,-0.7535369061,1.832564243,1.096411646,0.360104635
1.819875149,1.037488946,-0.7272229627,1.840862365,1.077718085,0.368930608
1.831369912,1.042833215,-0.6979944575,1.850459679,1.055405168,0.3793491063
1.84297143,1.048290706,-0.6652283641,1.861877911,1.028360343,0.3918959006
1.854478698,1.053599098,-0.6288963384,1.875160319,0.9963148575,0.406669091
1.865691238,1.058507778,-0.5897130096,1.889811828,0.9600786375,0.4232350535
1.876413211,1.062839491,-0.5489863133,1.904950618,0.9214350967,0.4407175276
1.886448734,1.066523715,-0.5082973042,1.919588413,0.8827225932,0.4580314384
1.895615972,1.069600333,-0.4691956922,1.932897864,0.8462676257,0.4741559806
1.903781005,1.072197044,-0.4330099294,1.94436422,0.8138774001,0.4883467005
1.910885509,1.074482592,-0.400754364,1.953807282,0.7865502955,0.5002318112
1.916943112,1.0766051,-0.3730849267,1.961313097,0.7644740705,0.5097867629
1.922012071,1.078636395,-0.3502872468,1.967119822,0.7472719241,0.5172162372
1.926170591,1.080545611,-0.3323130689,1.971501493,0.7343625282,0.5228008238
1.929508294,1.082210648,-0.3188839662,1.974681264,0.7252797394,0.5267666481
1.932122582,1.083464467,-0.3096658482,1.976784217,0.7198647401,0.5292094804
1.934111205,1.084164116,-0.3044950311,1.977824583,0.7183292991,0.5300701935
1.935546831,1.084263977,-0.3036112108,1.977702067,0.7212371037,0.5291394448
1.936422469,1.083868146,-0.3078248056,1.976187991,0.7294391598,0.5260718565
1.936554547,1.083229255,-0.3185254238,1.972899468,0.7439652602,0.520409311
1.935473534,1.082661565,-0.3374427992,1.967290265,0.7658371255,0.5116343495
1.932376371,1.082353587,-0.3661282366,1.958699048,0.79576749,0.4992798774
1.92623046,1.082125744,-0.4052539051,1.946483166,0.8337844692,0.4830941895
1.916063414,1.081264976,-0.453999466,1.930215525,0.8789391311,0.4632041338
1.901354291,1.078612647,-0.5098883471,1.909853634,0.9293439179,0.4401678082
1.882320364,1.072976453,-0.5692848892,1.88574867,0.9826705042,0.4148262294
1.85989711,1.0636982,-0.6283542167,1.858427883,1.036913431,0.3879888472
1.835414734,1.051041136,-0.6839315944,1.828273642,1.090954212,0.3601406085
1.810205112,1.036152252,-0.7338085493,1.795357106,1.144547344,0.3313830352
1.785389239,1.020646603,-0.7763974381,1.759593289,1.197772428,0.3016598114
1.761891853,1.006080006,-0.8101739942,1.721119252,1.250375409,0.2711001136
1.740541802,0.9935740216,-0.8333994393,1.680603769,1.301459963,0.2402295667
1.722111497,0.9836836579,-0.8443865166,1.639232207,1.349697728,0.209900851
1.707252296,0.9764427311,-0.8421852777,1.598354971,1.39385718,0.1809995581
1.696384679,0.9714834604,-0.8272675756,1.559031745,1.4332856,0.1541253376
1.689627713,0.9681914101,-0.8017854634,1.52175872,1.468088566,0.1294337861
1.68681668,0.9659062685,-0.7692506635,1.486490546,1.498984459,0.1066893687
1.687604266,0.9641525704,-0.7337910543,1.45287544,1.526963094,0.08545777174
1.691588992,0.9628219496,-0.6992508203,1.42056247,1.55291053,0.06533676296
1.698405584,0.9622005946,-0.6683432968,1.389497433,1.577321593,0.04615532488
1.707742239,0.9628020422,-0.6420205795,1.360155072,1.60018466,0.02809667236
1.719301879,0.9650825957,-0.6192541676,1.333626896,1.621055776,0.01170890242
1.732757973,0.9691834915,-0.5973900614,1.311475751,1.639267661,-0.002213470741
1.747737905,0.9748136192,-0.5730404368,1.295347359,1.654165605,-0.01284860335
1.76383338,0.9813067085,-0.5432106728,1.286462198,1.665279979,-0.01959164194
1.780619702,0.9878132079,-0.5062405466,1.285195703,1.672411515,-0.0222399093
1.797674381,0.9935508683,-0.4622503492,1.29091108,1.675670643,-0.02106809034
1.814592485,0.9980214983,-0.4130049922,1.302096032,1.675496663,-0.01678202033
1.831001517,1.001117275,-0.3613053686,1.316744182,1.672624335,-0.01036460739
1.84657108,1.003079848,-0.3101461852,1.332840919,1.667963188,-0.002854878038
1.861021874,1.004338982,-0.2619370509,1.348779612,1.662405647,0.004867662225
1.874139662,1.005314653,-0.2180346347,1.363576338,1.656648429,0.01221868718
1.885792859,1.006269068,-0.1786858224,1.37685559,1.651105719,0.01893022559
1.895943047,1.007259918,-0.1433196972,1.388672912,1.645932417,0.02497608991
1.904637531,1.00818296,-0.1110302009,1.3992715,1.641124367,0.0304496181
1.911986408,1.008864065,-0.08107759528,1.408857298,1.636644568,0.0354399834
1.918135665,1.009159578,-0.0532656944,1.417438723,1.632531445,0.03993875076
1.923246798,1.009033242,-0.02808904868,1.424767094,1.628960076,0.04379848476
1.927474331,1.008581885,-0.006596378084,1.430394552,1.626226907,0.04675954827
1.930928084,1.007992815,0.01000008476,1.433848227,1.624648703,0.04854665102
1.933626442,1.007445414,0.02083461997,1.434863884,1.624405693,0.04900496079
1.935480736,1.007015487,0.02580707354,1.433575739,1.625411754,0.04821147195
1.936348913,1.006649159,0.02571371259,1.430554302,1.627300448,0.04649353318
1.93614216,1.006230933,0.02200746752,1.426650454,1.62955569,0.04433011456
1.93491296,1.005699311,0.0162651156,1.422704445,1.631726606,0.04217645918
1.932857979,1.005131984,0.009554741894,1.419241918,1.633623685,0.04028903999
1.930237914,1.004756323,0.001918363792,1.416269744,1.635428243,0.03861532914
1.927278923,1.004890555,-0.007863932552,1.41323327,1.637690943,0.03677791143
1.92410711,1.005840249,-0.02213464784,1.409146888,1.641219681,0.03415816604
1.920717854,1.007770608,-0.04384309316,1.402869305,1.64686056,0.0300666586
1.916950899,1.01058912,-0.07577509593,1.393442566,1.655221997,0.02395593864
1.912461246,1.013896438,-0.1197639545,1.380376697,1.666439615,0.01559921015
1.906708092,1.017058282,-0.1761419822,1.363773607,1.680089546,0.005164042443
1.898980344,1.019382219,-0.2435867321,1.344271666,1.695274802,-0.006835217711
1.88845489,1.020302543,-0.3193428015,1.322881032,1.71081661,-0.01965774172
1.874270898,1.019462162,-0.3996824854,1.300821729,1.725446873,-0.03245606185
1.855621628,1.016651665,-0.4804755301,1.279433149,1.73794179,-0.04435112901
1.831888532,1.011664759,-0.5578204433,1.260153259,1.747207372,-0.05446594357
1.802846323,1.004193837,-0.6287269908,1.244513876,1.752349693,-0.06194891908
1.768934628,0.9938897299,-0.6917722049,1.234085223,1.752747536,-0.06601683203
1.731525025,0.9806425443,-0.7475298054,1.230322081,1.748094366,-0.06602585212
1.693043385,0.9650155707,-0.798485381,1.234327984,1.738352667,-0.06154692247
1.65681939,0.9486189676,-0.8481935019,1.246650624,1.723585784,-0.05239202029
1.626631568,0.9341348184,-0.8996617497,1.267293562,1.703707007,-0.03853345391
1.606034113,0.924795022,-0.9533443337,1.296065461,1.678236805,-0.01989779628
1.597620023,0.9233814525,-1.005552597,1.333165044,1.646142105,0.003904414517
1.602438073,0.931100013,-1.048268862,1.379610103,1.605783886,0.03375684336
1.619790626,0.9467895994,-1.071021405,1.43693698,1.555033726,0.07088821029
1.647423476,0.9668827787,-1.064559702,1.505756316,1.491777491,0.1161727097
1.681810745,0.9864135967,-1.024989448,1.583598717,1.415186854,0.1689276496
1.718479248,1.00100081,-0.9564854723,1.663778906,1.327742917,0.2258682468
1.752930794,1.008922803,-0.8708894819,1.737126853,1.236641438,0.281335499
1.782190044,1.011773876,-0.7836639388,1.795955662,1.152393396,0.3292233168
1.805651809,1.013042986,-0.7081018973,1.837038582,1.084518113,0.3654153021
1.824348812,1.015823068,-0.651229038,1.861591196,1.037376195,0.3890453185
1.839583169,1.021407696,-0.613174828,1.873465523,1.009020312,0.402163458
1.852212971,1.029337089,-0.5891371824,1.87746997,0.9930821964,0.4085264105
1.862762985,1.038297615,-0.5722311983,1.878306428,0.9818859446,0.4122481969
1.871751709,1.047030812,-0.5560037118,1.879790549,0.969064244,0.4167094631
1.879777124,1.054762488,-0.5359797064,1.884278871,0.9508489523,0.4239480913
1.887364358,1.061149482,-0.5101123856,1.892521204,0.9260787501,0.4346011237
1.894797765,1.066050546,-0.4784377278,1.903996114,0.8954636684,0.4482552174
1.902072063,1.069400766,-0.4423850478,1.917493535,0.8606855498,0.4639408794
1.908960386,1.071239807,-0.4040633196,1.931656845,0.8236855581,0.4805543401
1.915143167,1.071778832,-0.3656565624,1.945337787,0.7862338341,0.4971226198
1.920352552,1.071395773,-0.3289737185,1.957754434,0.7497382852,0.5129216074
1.924490979,1.070555863,-0.2951868742,1.968504185,0.7152204379,0.5274882394
1.927694779,1.069710696,-0.2647793558,1.977492239,0.6833921441,0.5405701162
1.930324466,1.069224886,-0.2376808634,1.984834487,0.6547661165,0.5520551806
1.93288687,1.06933442,-0.2135140391,1.990774378,0.6297242314,0.5619194559
1.93591212,1.070130486,-0.1918573903,1.995622126,0.608508899,0.5702065482
1.939819786,1.071571001,-0.1724466705,1.999700564,0.5911745823,0.5770221695
1.944804664,1.07352258,-0.1552698227,2.003291327,0.5775713813,0.5825183933
1.950771186,1.07581711,-0.1405490953,2.006587765,0.5673986606,0.5868599099
1.957338558,1.078298555,-0.1286379371,2.00967546,0.5602950367,0.5901889328
1.963929634,1.08084269,-0.1198752197,2.012546534,0.5558985467,0.5926127248
1.969924546,1.083351245,-0.1144363905,2.015141835,0.5538369507,0.5942219499
1.974831346,1.085736212,-0.112214959,2.017397359,0.553670323,0.5951262642
1.978412186,1.087909744,-0.1127652811,2.019278957,0.5548467885,0.5954805798
1.980722152,1.089789601,-0.1153286077,2.020795056,0.5567267913,0.5954825732
1.982048085,1.091309998,-0.1189413669,2.021989385,0.5586849486,0.595339069
1.98277211,1.092421052,-0.1225973373,2.022923313,0.5602478072,0.5952172033
1.983214426,1.093063975,-0.1254244131,2.023652696,0.5612114277,0.5952001771
1.983518585,1.093142843,-0.1268497843,2.024203345,0.561714707,0.5952554878
1.983621188,1.092525826,-0.1267473299,2.024540612,0.5622862875,0.5952093295
1.983314778,1.091109315,-0.1255675501,2.02453649,0.5638818206,0.5947224884
1.982366584,1.088936167,-0.1244430824,2.023938339,0.567893621,0.5932759308
1.980632467,1.086320272,-0.125252425,2.022350892,0.5760882547,0.5901828729
1.978095176,1.083895753,-0.1306074425,2.019234359,0.590438101,0.5846390273
1.974774879,1.082501283,-0.1436962903,2.013923833,0.6128357741,0.5758171736
1.970518655,1.082847568,-0.1678804447,2.005686489,0.6446992244,0.5630087169
1.964759986,1.0850321,-0.2059780612,1.993846643,0.6865197714,0.5458085041
1.956430328,1.088130767,-0.259337336,1.977987363,0.7375143946,0.5242968771
1.94418853,1.090196917,-0.327073657,1.958155522,0.795651342,0.4991095097
1.926933034,1.08885973,-0.4059842144,1.934881588,0.858255873,0.4712606422
1.904302827,1.082320216,-0.4913862861,1.908844406,0.9230650244,0.4416955091
1.876838654,1.070183458,-0.5785264607,1.880260219,0.9891928975,0.4107653004
1.845762439,1.053624738,-0.6638005876,1.848360818,1.057399057,0.377948302
1.812600824,1.034850953,-0.745193151,1.811338956,1.129435462,0.342027754
1.778878964,1.016251718,-0.8218359849,1.766865309,1.206770212,0.3016755023
1.74597124,0.9997020238,-0.8929624623,1.713030948,1.289266797,0.2562105942
1.715132566,0.9862485773,-0.9567193454,1.649496352,1.374399921,0.2062725736
1.687692241,0.9761349717,-1.009462761,1.578534427,1.457417669,0.1541669735
1.66525945,0.9690088121,-1.046208281,1.505403433,1.532550171,0.1036386329
1.649614793,0.9642112667,-1.062453196,1.437385847,1.594854691,0.05894704776
1.642132397,0.9611214135,-1.056557708,1.381438175,1.641779096,0.02350114598
1.643093764,0.9594835191,-1.031105899,1.341598758,1.673618056,-0.001260168597
1.651530066,0.9595337063,-0.9921662037,1.317829153,1.692827605,-0.01609855821
1.665757689,0.9617782976,-0.9468497318,1.306927538,1.702854068,-0.02327389811
1.684126494,0.9665180183,-0.9006495313,1.304589638,1.707094041,-0.02544824547
1.705425348,0.9734405831,-0.8559452641,1.307175455,1.70823675,-0.02481713713
1.728797401,0.9815789972,-0.8121748881,1.312394672,1.708019717,-0.02277581461
1.753399557,0.9896652145,-0.7672784102,1.319006448,1.707359207,-0.02007263627
1.778162031,0.996649881,-0.7195355627,1.326121581,1.706722896,-0.01718625007
1.801865918,1.002085183,-0.6688927299,1.332723098,1.706501482,-0.01462044565
1.823457483,1.00618535,-0.6172358029,1.337685137,1.707156946,-0.01294182257
1.84231982,1.009580885,-0.5676606263,1.340141129,1.709104295,-0.01260456601
1.858308134,1.012936446,-0.5232867385,1.339844772,1.712489407,-0.01374628669
1.871599497,1.016641953,-0.4862589672,1.33727349,1.717065488,-0.016111186
1.88251802,1.020701114,-0.4572991767,1.33345615,1.722250444,-0.0191328499
1.891439385,1.02481274,-0.435811842,1.329642104,1.727306671,-0.02211415028
1.898763687,1.028552927,-0.420345913,1.326946653,1.731550713,-0.02442507255
1.904905897,1.031557851,-0.409177392,1.326065012,1.734526526,-0.02566378546
1.910266952,1.033643741,-0.4008152954,1.32711832,1.736110947,-0.02574702782
1.915179933,1.034841924,-0.3942972562,1.329670876,1.73652989,-0.02490840519
1.919853359,1.035356386,-0.3892251522,1.332914698,1.736274289,-0.02360299149
1.924340002,1.035474422,-0.385581549,1.335960978,1.735933443,-0.02234637891
1.928552484,1.035464861,-0.383432711,1.338135946,1.73599345,-0.02154149633
1.932326956,1.035498814,-0.3826435257,1.33918626,1.736672659,-0.02135058176
1.935511736,1.035611088,-0.3827074254,1.339339047,1.737849579,-0.02165066817
1.938041223,1.03571172,-0.3827536772,1.33920815,1.739107388,-0.02208275095
1.939958196,1.035641538,-0.3817480103,1.339571471,1.739880937,-0.02218051171
1.941369146,1.035255586,-0.378856742,1.34107532,1.739662443,-0.02154492277
1.942339969,1.034506563,-0.3739025286,1.34394638,1.738208493,-0.02001612184
1.942762209,1.033495348,-0.3678166686,1.347799255,1.73569255,-0.01779272489
1.942227598,1.032458776,-0.3629731636,1.351597781,1.732757278,-0.01546238398
1.939949152,1.03168147,-0.3632431181,1.353798577,1.730427132,-0.01392075149
1.934762826,1.031337657,-0.3735520064,1.3526878,1.729845071,-0.01416411483
1.925228829,1.031301964,-0.3987822343,1.34689116,1.731846338,-0.01696662061
1.909856176,1.031019198,-0.4421529418,1.335959801,1.736489699,-0.02251601942
1.887463267,1.029543761,-0.5036522085,1.32082608,1.742771871,-0.03015428389
1.857639669,1.025790328,-0.5793487651,1.303884189,1.748735653,-0.03838006478
1.821148337,1.01889711,-0.6621447266,1.288551927,1.751991627,-0.04517306914
1.780013244,1.008511523,-0.74380156,1.278404635,1.750429484,-0.04853837113
1.737138956,0.9948760133,-0.8173676643,1.276206094,1.742798173,-0.0470494772
1.695609191,0.978746447,-0.8789617803,1.283232427,1.728926857,-0.0401714372
1.658052381,0.9612800256,-0.9282807701,1.29914599,1.709547953,-0.02825478635
1.626394731,0.9439924039,-0.9678197502,1.322419733,1.685828224,-0.01223239097
1.602021558,0.9287607712,-1.001218391,1.351091476,1.658792102,0.006841619054
1.586087446,0.9177380497,-1.031306853,1.383536574,1.628832545,0.02823287513
1.579680252,0.9130429057,-1.058416105,1.419007516,1.595444502,0.05181206996
1.583705563,0.9162111051,-1.079452322,1.457841475,1.557199299,0.07814126411
1.598574806,0.9275613737,-1.088118206,1.501327938,1.511893768,0.1083785587
1.623860886,0.9457406423,-1.076439729,1.551172919,1.456851034,0.1439839092
1.658017293,0.9677220746,-1.03735405,1.608433699,1.389505057,0.1861376838
1.698181266,0.9894420997,-0.9676263048,1.672077215,1.308486845,0.2348653736
1.74028481,1.007057711,-0.8700066759,1.738046504,1.21514263,0.2882221384
1.779908891,1.018403749,-0.7534380354,1.800040601,1.114619367,0.3422578295
1.813776555,1.023789464,-0.6305990518,1.85201892,1.015125126,0.3921899265
1.840777839,1.025448119,-0.5136274053,1.890602128,0.9250793968,0.4341787546
1.861624683,1.026009523,-0.4104131172,1.915623162,0.8499295027,0.4665043375
1.87762367,1.027157317,-0.3233355185,1.929061317,0.7907645388,0.489584602
1.889676245,1.029221044,-0.2503219593,1.933716611,0.7451223983,0.5052279818
1.898005171,1.031550422,-0.1869490281,1.932417618,0.7088577573,0.5157657914
1.902422529,1.03310715,-0.1284860602,1.927738516,0.677807081,0.5234386249
1.902791538,1.032886508,-0.07136316004,1.921944691,0.6486804345,0.5301043926
1.899427009,1.030132309,-0.01394647231,1.916953406,0.6192921507,0.5371534428
1.893275203,1.024490513,0.04331764914,1.914195516,0.5885275541,0.5454663752
1.885798329,1.016192782,0.09826632306,1.914392496,0.5563285,0.5553338388
1.878641506,1.006200082,0.147741545,1.917398526,0.52371318,0.5663911133
1.873260038,0.9961423454,0.1884905889,1.922292295,0.4926768066,0.5776826047
1.870645318,0.9879503648,0.2180304776,1.927741284,0.4658460069,0.587905145
1.871168511,0.9832680821,0.2352508278,1.93246759,0.4459078262,0.5957578531
1.874523482,0.9828985961,0.240610129,1.93558755,0.4349634006,0.6002672955
1.879794557,0.9865315745,0.2359448559,1.936728541,0.4339922563,0.6009944447
1.885670629,0.9928370536,0.2240434094,1.93597097,0.4425757882,0.5980971477
1.890745638,0.9998375358,0.2081453298,1.93370559,0.4589673208,0.5922544948
1.893769322,1.00540291,0.1914432371,1.930431767,0.4805150624,0.5844619646
1.893737199,1.007738673,0.1765950948,1.926474716,0.5043502499,0.5757151483
1.889819038,1.005795384,0.165266292,1.921630643,0.5281871625,0.5666321051
1.881233625,0.999533183,0.1578152498,1.914852192,0.5510448313,0.5571147989
1.867211164,0.9899192572,0.1533459977,1.904155889,0.5736557378,0.5461897524
1.847124804,0.9785190217,0.1503414717,1.886898082,0.5983050679,0.5321614591
1.820813407,0.9667210356,0.1478305817,1.860482743,0.627962503,0.5131441637
1.78903541,0.9549783416,0.1466073233,1.823477878,0.6649134172,0.4879008532
1.753773761,0.9425691397,0.1497556896,1.776839392,0.7095014994,0.4566887502
1.717875887,0.9279981219,0.1619638086,1.724351949,0.7597138386,0.4215525132
1.683809385,0.9096508111,0.1877863848,1.671333869,0.8119224384,0.3856082966
1.652294441,0.8863896967,0.2296555759,1.622006279,0.8623471805,0.351603313
1.622155497,0.8582117216,0.286588859,1.577559861,0.9083646001,0.3207861685
1.591760579,0.8268523005,0.3542115434,1.536503172,0.948999842,0.2928887851
1.560787901,0.7956266919,0.4260812572,1.496693503,0.9845504354,0.2670098798
1.530792816,0.7682020949,0.4956083899,1.457267215,1.015815062,0.2425795565
1.504332648,0.7470506453,0.5576406347,1.419356841,1.043475637,0.2198190946
1.483585792,0.7326245722,0.6092030168,1.385584582,1.06784971,0.1996243047
1.469458495,0.7236259127,0.6494510624,1.358858006,1.088932125,0.1830972103
1.461524354,0.7179798613,0.6791706455,1.341123638,1.106588483,0.1710153514
1.458526118,0.7138335661,0.7001503787,1.332652116,1.120816206,0.16348197
1.458985021,0.7101072479,0.7146197389,1.332111621,1.131982348,0.159881347
1.461635712,0.7065238064,0.7248099944,1.337233889,1.140922404,0.1591009415
1.465647493,0.7033327138,0.7326288949,1.34560798,1.148837601,0.1598629616
1.470676377,0.7009800021,0.7394457315,1.35522702,1.157045227,0.1610072169
1.476783262,0.6998655974,0.7460006622,1.36469343,1.166698726,0.1616539271
1.484260284,0.7002251828,0.7524426068,1.373202982,1.178573325,0.1612629964
1.493439229,0.7021167257,0.7584788506,1.380457518,1.192952435,0.1596353746
1.504551543,0.7054709045,0.7635985786,1.386578172,1.209618335,0.1568831037
1.51766646,0.7101561455,0.7673072952,1.392010712,1.227934414,0.1533684954
1.532696716,0.7160194363,0.7692998172,1.397392486,1.246994107,0.1496085364
1.549439573,0.7228938612,0.7695228125,1.403382263,1.265801395,0.1461554699
1.567612908,0.7305854628,0.7681227852,1.410494329,1.283446688,0.1434805298
1.586857275,0.7388671089,0.7653131558,1.41898517,1.299251846,0.1418870821
1.606713261,0.7474995127,0.7612093687,1.428807374,1.312867395,0.141463483
1.626611151,0.7562850344,0.7556897597,1.439615111,1.324318025,0.1420712569
1.645903973,0.7651347382,0.7483403041,1.450799488,1.333989712,0.1433626606
1.663948252,0.7741095438,0.7385207199,1.461554806,1.342553153,0.1448287012
1.680207982,0.7833974806,0.725540995,1.470986383,1.350826747,0.1458819245
1.694351266,0.7932145684,0.7088865343,1.47825798,1.359596493,0.1459667913
1.706316678,0.8036603003,0.6884063846,1.482744118,1.369434089,0.1446726716
1.716318104,0.8145928882,0.6643907281,1.484130318,1.380562974,0.1418125594
1.72475619,0.8255891005,0.6375139119,1.482419222,1.392811587,0.1374396776
1.732026562,0.8360137325,0.6086813543,1.477847833,1.405657882,0.1318025122
1.738288816,0.8451728171,0.5788576661,1.470768697,1.4183349,0.1252677687
1.743309984,0.8524838259,0.5489489283,1.461562961,1.42994942,0.1182512637
1.746469345,0.8575983211,0.519766261,1.450622561,1.439576627,0.1111827044
1.746923887,0.8604318248,0.4920505368,1.438388949,1.4463138,0.1045036087
1.74385356,0.8610984634,0.4665130667,1.425397868,1.449301875,0.09867812584
1.736687423,0.8597850207,0.4438611115,1.412290053,1.447725396,0.09419671968
1.725236082,0.8566235751,0.4248083959,1.39978081,1.44080978,0.09156572542
1.709705204,0.8516234648,0.410090054,1.388610653,1.427837832,0.09128343098
1.690601123,0.8446898974,0.4004879994,1.37949406,1.408214264,0.09380138357
1.668570478,0.8357026227,0.3968372548,1.373066103,1.381587068,0.09946695968
1.644226522,0.824599223,0.399959692,1.369814882,1.347999631,0.1084517012
1.61801416,0.8114130976,0.4104975117,1.3700072,1.308002521,0.1206891267
1.590158512,0.7962619721,0.4286797231,1.373637745,1.262652646,0.1358557764
1.560722688,0.7793273977,0.4541034377,1.380414904,1.213381483,0.1534059876
1.529785422,0.7608783724,0.4856119075,1.389758405,1.161796662,0.1726311195
1.497696961,0.7413545104,0.5213291758,1.400787089,1.109514755,0.1927060227
1.465304673,0.7214598436,0.5588799008,1.412334623,1.058079386,0.21271985
1.434001135,0.7021755672,0.5957676774,1.42305965,1.008934313,0.2317258221
1.405503686,0.6846283927,0.6298048402,1.431671357,0.963376257,0.248840996
1.38141794,0.6698360218,0.6594405766,1.437203558,0.9224403327,0.2633849291
1.362780232,0.6584386827,0.6838780532,1.439229999,0.8867611533,0.2750032944
1.349804131,0.6505467875,0.702984554,1.437937219,0.8564968552,0.2837185461
1.341945457,0.6457744043,0.7170954273,1.434042813,0.8313723609,0.2898859531
1.338229131,0.6434337118,0.726819992,1.428596221,0.8108191547,0.2940756168
1.337659003,0.6427945564,0.7328999733,1.422720128,0.7941458558,0.2969226998
1.33951642,0.6432990458,0.7361166669,1.417364613,0.78066791,0.2989949543
1.343429495,0.6446523663,0.737220877,1.413153685,0.7697593882,0.3007189545
1.349224868,0.6467767656,0.7368674382,1.410368358,0.7608396284,0.3023776322
1.356689434,0.6496832441,0.7355549998,1.409043595,0.7533434287,0.3041561317
1.365391866,0.6533414592,0.7335942131,1.409115703,0.7467147402,0.3061994724
1.374650673,0.657603188,0.7311269663,1.410554241,0.7404272531,0.3086561788
1.383638553,0.6621950757,0.7281951363,1.413433255,0.7340164927,0.3116955568
1.391565619,0.6667682705,0.7248250686,1.417919361,0.7271116498,0.315493412
1.39787229,0.6709818903,0.7210869431,1.424181029,0.7194655979,0.3201886956
1.402382022,0.6745901074,0.7171080463,1.432267331,0.7109860889,0.3258280501
1.405375227,0.6775024156,0.7130487084,1.442015587,0.7017635433,0.3323223637
1.407542278,0.6797941238,0.7090652912,1.453028876,0.6920854973,0.3394340227
1.409789562,0.6816672507,0.7052776063,1.464712962,0.6824281579,0.3467931895
1.412947844,0.6833870197,0.7017464754,1.476332669,0.6734281517,0.3539281447
1.417513069,0.6852298873,0.6984620261,1.487073154,0.6658408919,0.3603006524
1.423538525,0.6874529807,0.6953473267,1.496122608,0.6604691955,0.3653592797
1.430691451,0.6902684483,0.69227705,1.502790234,0.6580372843,0.3686224251
1.438389246,0.6937998598,0.6891084793,1.506634801,0.6590250136,0.3697770538
1.44592478,0.6980200331,0.685721763,1.507555952,0.6635335656,0.3687544614
1.45256095,0.7027004086,0.6820688522,1.505816607,0.6712597366,0.3657463627
1.457636052,0.7074146543,0.6782122604,1.501976826,0.6816045441,0.3611468568
1.46071013,0.7116166673,0.6743259948,1.496750038,0.6938737424,0.3554371598
1.461700778,0.7147660402,0.670640088,1.490824857,0.7074856749,0.3490547486
1.460907088,0.716453362,0.667340902,1.484716628,0.7221184755,0.3422926099
1.458879155,0.7164946969,0.6644618346,1.478693035,0.7377743099,0.335251346
1.456215982,0.7149950889,0.6618012297,1.472787566,0.7547781678,0.3278447974
1.453455658,0.7123799219,0.6588946222,1.466902034,0.7737243242,0.3198550564
1.451150062,0.7093746241,0.6550564385,1.460976241,0.7953713105,0.311028667
1.450055196,0.7069166098,0.6494840036,1.455158662,0.8204973553,0.3011851218
1.451257426,0.7060056338,0.6413898394,1.449890607,0.8497504776,0.2902943268
1.456093749,0.7075252445,0.6301094895,1.445851007,0.8835268204,0.2784928071
1.465858439,0.7120830326,0.6151450903,1.443769561,0.9218952793,0.2660357346
1.481431124,0.7199193608,0.5961383294,1.444152754,0.9645818209,0.253198136
1.503000219,0.7309178908,0.5727987201,1.446991853,1.011029213,0.2401462161
1.529980919,0.7447044523,0.5448330163,1.451552738,1.060527913,0.2268179253
1.561095488,0.7607731438,0.5119309574,1.456360846,1.112364348,0.2128721946
1.594531584,0.7785738734,0.4738550892,1.459444418,1.165894222,0.1977587545
1.628153253,0.7975389795,0.4306342511,1.458802698,1.220476639,0.1809152772
1.659805556,0.817072025,0.3827993412,1.452975602,1.275288996,0.1620393829
1.687725796,0.8365392393,0.3315628625,1.441570438,1.329140375,0.1413446209
1.710981548,0.8552948553,0.2788520353,1.425589052,1.380430714,0.1196968718
1.72976694,0.872761344,0.2271312552,1.407390895,1.427344731,0.09854108167
1.745359237,0.8885558159,0.1790058787,1.390159337,1.468235148,0.07958318616
1.759627561,0.9025965028,0.136706402,1.376935047,1.502018491,0.06430341219
1.774242151,0.9151034774,0.101658325,1.369589535,1.528397706,0.0535004395
1.78999857,0.9264589562,0.0743227216,1.368278396,1.54784611,0.04708924235
1.806658936,0.9369989236,0.05433006197,1.371665484,1.561422543,0.04424204696
1.823353945,0.9468402237,0.04076970283,1.377717647,1.57051163,0.04376824255
1.839210727,0.9558175864,0.0324686862,1.384567596,1.576541394,0.0445268032
1.853791739,0.9635528277,0.02817314379,1.391030264,1.580733805,0.04569765491
1.86713911,0.9696382422,0.02664199026,1.396651098,1.583965688,0.04684204838
1.879489876,0.9738665269,0.02671502593,1.401418484,1.586780319,0.04779029042
1.890910961,0.9764017925,0.027411563,1.405403791,1.589502635,0.04847062784
1.901106999,0.9777893565,0.02806875468,1.408567603,1.59234736,0.0488028386
1.909502772,0.9787759653,0.02846895527,1.410808506,1.5954452,0.04870878344
1.915512007,0.9800250919,0.02886346124,1.412130346,1.598801486,0.04818827581
1.918828283,0.9818715383,0.02981270123,1.412737716,1.602273401,0.04736223113
1.919608362,0.984220993,0.03184095518,1.412968344,1.605618517,0.04643213698
1.918501019,0.9866004815,0.03499363018,1.413120792,1.608592649,0.04558525064
1.916537491,0.9883159096,0.03841666263,1.413290362,1.611045295,0.04490351237
1.914915849,0.9886843051,0.04005884394,1.413262001,1.612999516,0.04429842682
1.914687638,0.9873284779,0.03660493421,1.41243597,1.614737223,0.04345730294
1.916314218,0.9844719534,0.02380318776,1.409790127,1.616869762,0.04180732448
1.919110183,0.9810716456,-0.002643613953,1.403971064,1.620282279,0.03856713884
1.920751303,0.9785833148,-0.04563942749,1.393653607,1.625817127,0.03297897028
1.917246855,0.9782902533,-0.1051248932,1.378187122,1.633708027,0.02472547891
1.903827584,0.9804197072,-0.1772078387,1.358316577,1.643038996,0.01436721877
1.876829714,0.9835502461,-0.2548565363,1.336593817,1.651630086,0.003532994831
1.835886452,0.9848253606,-0.330333104,1.317142404,1.656532046,-0.005319618875
1.785151756,0.9811417627,-0.3983367859,1.304715001,1.654898621,-0.009526173332
1.732587205,0.9708875882,-0.4579854674,1.303337941,1.644765094,-0.006965361455
1.68750374,0.9552982814,-0.5122015632,1.315102426,1.625366691,0.003386892348
1.657578222,0.9385002546,-0.564678053,1.33970519,1.596898029,0.02135665025
1.646681754,0.9260088608,-0.616178172,1.375037801,1.559870325,0.0459904185
1.654214645,0.922399315,-0.6623092692,1.418496125,1.514394958,0.07626875286
1.675925453,0.9293468267,-0.6940280583,1.468168449,1.459785565,0.1116769276
1.705702608,0.9449411307,-0.7007500642,1.523134144,1.394750954,0.1522591326
1.73754617,0.9644935588,-0.6747237,1.582684374,1.318223713,0.198071784
1.766912361,0.9824275592,-0.614650618,1.644968892,1.230649716,0.248279051
1.791115873,0.9944344272,-0.5267738093,1.706158519,1.135252383,0.3004512949
1.809196217,0.9989350549,-0.4228913331,1.761158057,1.038327935,0.3507451912
1.821681749,0.9971600037,-0.3163599091,1.805618824,0.9477598846,0.3951173756
1.830127823,0.9919687094,-0.2182136495,1.837617532,0.8702867305,0.4307903372
1.836334359,0.986327103,-0.1351830048,1.857833933,0.8093012285,0.4569896254
1.841676314,0.982336906,-0.06984058801,1.8686613,0.7644111014,0.4747401943
1.846937669,0.9810179614,-0.02185501239,1.873236549,0.7325052552,0.4861756119
1.852529941,0.9825365761,0.01068387773,1.874794213,0.7093557862,0.4938057792
1.858731878,0.9865415928,0.03030753623,1.876215966,0.6910006689,0.4999263565
1.865745086,0.9924353009,0.03959344401,1.879641017,0.674590301,0.5062136396
1.87361315,0.9995463124,0.04087341952,1.886196274,0.6586923034,0.5135297599
1.882166408,1.007238741,0.03612454433,1.895966912,0.6431874577,0.5219432148
1.891082364,1.014993247,0.02693762099,1.908214121,0.6289064118,0.5309218226
1.900014393,1.022459123,0.01448495379,1.921725218,0.6171293652,0.5396171833
1.908675362,1.029459197,-0.0005063373474,1.935165047,0.6090630996,0.5471570115
1.916823791,1.035940641,-0.01768963859,1.947358865,0.605410866,0.552882727
1.924204523,1.041899909,-0.0368692111,1.957484296,0.6061264102,0.556497268
1.930532706,1.047318034,-0.05764767542,1.965170024,0.6103761849,0.5581135041
1.93555348,1.052124949,-0.07912288151,1.970503808,0.6166882044,0.5582124397
1.939126963,1.056193972,-0.09984073047,1.973957281,0.6232621139,0.5575201126
1.94127623,1.05936994,-0.1181087318,1.976233262,0.6284169314,0.5568137485
1.942180261,1.06153391,-0.1325937831,1.978058658,0.6311114218,0.5566850669
1.94213388,1.062691241,-0.1429796981,1.979970078,0.6314049951,0.5573191442
1.941499886,1.063048528,-0.1504392546,1.982153602,0.6307218241,0.5583533726
1.940658063,1.063038652,-0.1577742156,1.984375555,0.6318400874,0.5588542007
1.939928713,1.06325959,-0.1692023138,1.98599053,0.638599297,0.5574096713
1.939433028,1.064312935,-0.1898430018,1.985978175,0.6553574479,0.5523081971
1.938867593,1.066560926,-0.224967266,1.982964654,0.6862566667,0.5417700507
1.937235006,1.069864528,-0.2790694415,1.975239773,0.7343959696,0.5242053924
1.932666141,1.073405387,-0.3548370684,1.960847904,0.8010582739,0.4984840327
1.922539418,1.075705454,-0.4521797072,1.937854033,0.8851770285,0.4641978965
1.904057956,1.074923968,-0.5676323081,1.904811757,0.9832466137,0.4218657471
1.875222913,1.069401234,-0.694550283,1.86130243,1.089825936,0.3729840539
1.835807528,1.058261822,-0.8243437828,1.808267411,1.1986011,0.3198293535
1.787783147,1.041787158,-0.948478948,1.747891764,1.303682226,0.2650199918
1.734893091,1.021360729,-1.060437072,1.683066979,1.400627836,0.2110010845
1.681591776,0.9990360358,-1.156778648,1.616743068,1.486836762,0.1596802277
1.631905801,0.9769737417,-1.236999398,1.551512055,1.561326009,0.1123374219
1.588693221,0.9569869022,-1.302505919,1.489534474,1.624189342,0.06976180743
1.553450542,0.9402953655,-1.355338955,1.432675889,1.676051854,0.03246929072
1.526533037,0.9274745553,-1.39719081,1.382625017,1.717701699,0.0008593647891
1.507534817,0.918539659,-1.429000471,1.340827029,1.749953928,-0.02476891422
1.495624689,0.9131029556,-1.451111818,1.308223406,1.773691383,-0.04432775634
1.489784106,0.9105564082,-1.463744896,1.284975806,1.789948383,-0.05807062413
1.488990468,0.9102416642,-1.467450042,1.270412117,1.799908298,-0.06661169965
1.492369508,0.9115718029,-1.463327872,1.263277262,1.804782406,-0.07079439052
1.499259165,0.9140845465,-1.4529801,1.26212783,1.805655427,-0.07149495245
1.509132159,0.9174373141,-1.438269939,1.265624883,1.803404112,-0.0694866761
1.521446344,0.9213853438,-1.420985931,1.272620029,1.798724581,-0.06541604761
1.535553709,0.9257719419,-1.402512214,1.282101861,1.792216413,-0.05984809836
1.55074941,0.9305321348,-1.383610174,1.293133287,1.784450938,-0.0533112843
1.566419291,0.9356926139,-1.364384813,1.304848997,1.775984924,-0.04630243415
1.582185653,0.9413496787,-1.344426109,1.316524104,1.767319789,-0.03924838675
1.597973853,0.9476215797,-1.323053959,1.327678245,1.758825227,-0.03244339062
1.613967644,0.9545874957,-1.299578858,1.338161132,1.750664069,-0.02599386612
1.63047951,0.9622358518,-1.273504431,1.348170181,1.742752442,-0.01979951473
1.647790791,0.9704432901,-1.244626581,1.358189006,1.734771652,-0.01358048771
1.666025581,0.9789934317,-1.213024872,1.368870664,1.726227539,-0.006939199027
1.685096336,0.9876249195,-1.178985577,1.380905009,1.71653555,0.0005631204175
1.704725874,0.9960849882,-1.142915951,1.394892508,1.705116133,0.009329985211
1.72451849,1.004166639,-1.105297882,1.411231333,1.691492598,0.01965711033
1.744041468,1.011724167,-1.066696613,1.430009643,1.675397855,0.03165913312
1.762886282,1.018675683,-1.027796534,1.450907576,1.656897013,0.04519509354
1.780702617,1.025004934,-0.9894022034,1.473141314,1.636500085,0.05981334539
1.79721158,1.030763844,-0.9523501328,1.495512959,1.615205303,0.07475682875
1.812210825,1.036063945,-0.9173580325,1.516588562,1.594410848,0.08905765111
1.825577661,1.041049966,-0.8849344564,1.534960739,1.57568952,0.1017047806
1.837263581,1.045855418,-0.855473676,1.549495132,1.560492692,0.1118275025
1.847268288,1.050548195,-0.8295227981,1.559476669,1.549891366,0.1188294637
1.855564913,1.05506687,-0.8080594295,1.564618111,1.544449612,0.1224303578
1.861976195,1.059160443,-0.792615017,1.56494243,1.544268997,0.1226080483
1.866028203,1.062356189,-0.7852060142,1.560594519,1.549170772,0.1194716776
1.866843462,1.063983355,-0.7881279687,1.551659747,1.5589064,0.1131292216
1.863133668,1.063262822,-0.8036343704,1.538086156,1.573265866,0.1036247865
1.853342629,1.059448,-0.8334708136,1.51976889,1.592005851,0.09099274477
1.835960539,1.051995724,-0.8782853764,1.496778105,1.614641899,0.07540696518
1.809984649,1.040737008,-0.9370854475,1.469613116,1.640265224,0.05733294193
1.775408734,1.025999864,-1.00701914,1.43933099,1.667540825,0.03757654083
1.733549079,1.008612784,-1.083693851,1.407456733,1.694922674,0.01718531059
1.687016457,0.9897495318,-1.162006284,1.375703917,1.720970327,-0.002754121052
1.639259768,0.9706570961,-1.237192657,1.345618634,1.744618692,-0.02133282129
1.593802437,0.9523887369,-1.305695983,1.318280441,1.76530803,-0.03797181414
1.553438054,0.935662068,-1.365554609,1.294173613,1.782957778,-0.05246343202
1.519694563,0.9208809818,-1.41625329,1.273291558,1.797804105,-0.06488192955
1.49275537,0.9082578737,-1.458206731,1.2554709,1.810137291,-0.07537749906
1.471821662,0.8979321306,-1.492139685,1.24083187,1.820019266,-0.0839233452
1.455711896,0.8900152008,-1.51859602,1.230114695,1.827093991,-0.09013112835
1.443437034,0.8845729714,-1.537695617,1.224717429,1.830575974,-0.09323280847
1.434576453,0.8816059303,-1.54915288,1.226393417,1.829404423,-0.09224223597
1.429406445,0.8810720042,-1.552494324,1.236730384,1.822479774,-0.08622396196
1.428803199,0.8829409691,-1.547369901,1.256608576,1.80890392,-0.07457177456
1.433955338,0.8872421307,-1.533819573,1.285809792,1.788200145,-0.05722327365
1.445950204,0.8940727813,-1.512329756,1.322908789,1.760490864,-0.03475504801
1.465350177,0.9035548117,-1.483591572,1.365517944,1.726564746,-0.008310681444
1.491893833,0.9157262426,-1.448072721,1.410837796,1.687746193,0.02064757344
1.524416711,0.9303649254,-1.405721041,1.456312815,1.645554418,0.05069056741
1.561006789,0.9467974218,-1.356096409,1.500126505,1.601290832,0.08073481913
1.599348047,0.9638240899,-1.298964479,1.541358081,1.555777933,0.1101818321
1.637151665,0.9799143471,-1.235064762,1.579817041,1.509403614,0.1388414721
1.67256304,0.9936967687,-1.166608511,1.615715073,1.46242919,0.1667144483
1.704452644,1.004521879,-1.097135643,1.649375232,1.415316176,0.193782589
1.732518641,1.012724244,-1.03066384,1.681088782,1.368798659,0.219932875
1.757149141,1.019361726,-0.9704743291,1.711095996,1.323634921,0.2450255825
1.779086753,1.025593754,-0.9181470933,1.739590927,1.28026765,0.2689996818
1.799058832,1.032117249,-0.8733138769,1.766693675,1.238694283,0.2919011984
1.817553663,1.038972462,-0.8341409899,1.792411231,1.198632441,0.3138187624
1.834786756,1.04572167,-0.7981844282,1.816640144,1.159803284,0.3347980351
1.850784973,1.051794206,-0.7632218605,1.839220227,1.12212417,0.3548035462
1.8654948,1.056786023,-0.7278223296,1.860008338,1.085735226,0.3737384332
1.878873051,1.060607606,-0.6915671616,1.878929241,1.050912149,0.3914903834
1.89094339,1.063472968,-0.6549362048,1.895985737,1.017952413,0.4079700627
1.901811139,1.065777426,-0.6189633269,1.911233338,0.9870956452,0.4231254764
1.911629791,1.06792549,-0.5848290398,1.924739643,0.9585076256,0.436931884
1.920540543,1.070176309,-0.5535448551,1.936556431,0.9323131802,0.4493708518
1.9286128,1.072558659,-0.5258083249,1.946715176,0.9086465068,0.460413548
1.935801128,1.07488799,-0.5020242381,1.955241163,0.8876941051,0.4700128196
1.941921298,1.076877228,-0.4824397939,1.962160533,0.8697329766,0.4780942168
1.946658812,1.078290387,-0.467323315,1.967485579,0.8551767161,0.484536671
1.949627454,1.079060548,-0.4571149424,1.971181061,0.8446245291,0.4891446038
1.950485335,1.079311551,-0.4524952929,1.973124431,0.83888844,0.4916246754
1.94905599,1.079275706,-0.4543589045,1.973069981,0.8389776933,0.4915769232
1.945380986,1.079152729,-0.4637206521,1.970621907,0.8460351781,0.4885039883
1.939648367,1.078978023,-0.4816060536,1.965215788,0.8612418215,0.4818330563
1.932001498,1.078549339,-0.5089674371,1.956100369,0.8857125697,0.4709406543
1.922288821,1.077435354,-0.5466335969,1.942320929,0.9203980984,0.4551763676
1.909863442,1.075064735,-0.5952541314,1.922725814,0.9659685213,0.4339005814
1.893544021,1.070878287,-0.6551686035,1.896043881,1.022634011,0.4065681827
1.871817011,1.064504134,-0.7261451332,1.861075831,1.089894012,0.372877628
1.843261431,1.055898664,-0.8070210229,1.816996172,1.166289312,0.3329601421
1.807086432,1.045392122,-0.8954060946,1.763698086,1.249291557,0.287544441
1.763605134,1.033602689,-0.9876849299,1.702079781,1.335436349,0.2380239742
1.714463841,1.021241306,-1.07946146,1.63416285,1.420724029,0.1863804345
1.662506409,1.008891461,-1.16634517,1.562962433,1.501212379,0.134953835
1.611269804,0.996881212,-1.244745651,1.492091446,1.573641988,0.0861029082
1.564259564,0.9853211642,-1.312329779,1.425188568,1.635883033,0.04185245832
1.524244897,0.9742859749,-1.368031729,1.365342984,1.687066066,0.003636167778
1.492800895,0.9640180204,-1.411773233,1.314691305,1.727402324,-0.02780162523
1.470228899,0.9549992111,-1.444131554,1.274295683,1.757812333,-0.05233889761
1.455851504,0.9478048524,-1.466086101,1.244319617,1.779510726,-0.07028315093
1.448522773,0.9428001058,-1.478860553,1.224384482,1.79367599,-0.08213611207
1.447095868,0.9398673104,-1.483835459,1.213892492,1.80129673,-0.08842480562
1.450613144,0.9383655464,-1.482514867,1.21211697,1.803221175,-0.08968202827
1.45816548,0.9373982508,-1.476524514,1.218021958,1.800344893,-0.08657238695
1.468617347,0.9362547508,-1.467566531,1.230013678,1.793785119,-0.08003886106
1.480530875,0.9347392152,-1.457236665,1.24596615,1.78486331,-0.07128792419
1.492448227,0.9331653166,-1.446725202,1.263660341,1.774850609,-0.06154599305
1.503334156,0.932055186,-1.436592519,1.281370893,1.764648102,-0.05174019521
1.512814749,0.9317958897,-1.426825421,1.298161127,1.754663515,-0.04234895156
1.521047167,0.9324792694,-1.417171905,1.313709569,1.744990645,-0.03352246059
1.528371151,0.9339501615,-1.407532347,1.327880576,1.735742953,-0.02534663727
1.535010507,0.9359348407,-1.398166452,1.340392169,1.72729359,-0.01804164962
1.54097174,0.9381302986,-1.389643089,1.350752816,1.720289362,-0.0119901877
1.546095327,0.9402342314,-1.382628442,1.358397378,1.715486976,-0.007636395806
1.550156282,0.9419606067,-1.377655332,1.362862518,1.713533747,-0.005352416197
1.552957331,0.9430738094,-1.374967664,1.363907404,1.714788924,-0.005338755005
1.554419794,0.9434401569,-1.374461117,1.361562225,1.719232708,-0.007577815262
1.554671023,0.9430726292,-1.375695896,1.356122751,1.726466179,-0.01183645872
1.554099593,0.9421451126,-1.377939737,1.348103221,1.735794926,-0.01770880866
1.553337742,0.9409638169,-1.380214197,1.338152927,1.746366688,-0.02468993968
1.553166472,0.9399068157,-1.381343706,1.326949712,1.757333054,-0.03226530155
1.554381969,0.9393561971,-1.380022988,1.315105208,1.767986186,-0.03998807697
1.557689258,0.9396470697,-1.374920185,1.30313702,1.777824852,-0.04750993495
1.563660313,0.9410369047,-1.364815746,1.291529866,1.786529715,-0.05455037734
1.572734957,0.9436770228,-1.34877503,1.280838677,1.793882238,-0.06083280764
1.58519509,0.9475778016,-1.326336837,1.27173042,1.799689909,-0.06604633024
1.601064274,0.9525939095,-1.297672358,1.264889523,1.803770876,-0.0698765618
1.619968417,0.958465601,-1.263653763,1.26082401,1.805998317,-0.07209266251
1.641081142,0.9649152151,-1.225786671,1.259701077,1.806362504,-0.07262841668
1.66324251,0.9717377138,-1.185996788,1.261324549,1.804995597,-0.07159826903
1.685223232,0.9788171546,-1.146313814,1.265255286,1.802136345,-0.06924098262
1.705998378,0.9860609397,-1.108536636,1.270982091,1.798062365,-0.06583457392
1.724908069,0.9933077967,-1.073980598,1.278036062,1.793038554,-0.06163690263
1.741663815,1.000281366,-1.043370271,1.286005508,1.78731357,-0.05687955243
1.75624816,1.006624961,-1.016882318,1.294470023,1.781164824,-0.051805926
1.768786046,1.011999002,-0.9942868684,1.302912959,1.774956139,-0.04672224812
1.779448512,1.016189185,-0.9751162358,1.3106717,1.769172009,-0.0420266714
1.788413745,1.019172336,-0.958796019,1.316966806,1.76439514,-0.0381913563
1.795866145,1.021111064,-0.9447125489,1.32101556,1.761215892,-0.03569210534
1.802000601,1.022282651,-0.9322397492,1.322201783,1.760098812,-0.0349034149
1.807009902,1.022980998,-0.9207808816,1.320247615,1.761244646,-0.03599147087
1.811070169,1.02343738,-0.9098628254,1.315337018,1.764501002,-0.03884037903
1.814344651,1.023791455,-0.8992631658,1.308139714,1.769359166,-0.04304189691
1.817005562,1.02411415,-0.8890943328,1.299710693,1.775052986,-0.04796364075
1.819248682,1.024452591,-0.8797671578,1.2912766,1.780727633,-0.05288157939
1.821261881,1.02485861,-0.8718212373,1.283972782,1.785623551,-0.05713485989
1.823152417,1.025375431,-0.865704433,1.278616187,1.789215085,-0.06025446633
1.824866914,1.025991905,-0.8616236334,1.275571034,1.791278746,-0.06203459788
1.826152243,1.026598521,-0.859560815,1.274724571,1.791895956,-0.0625426775
1.826575996,1.026974345,-0.8594645888,1.275547738,1.791410893,-0.06208361744
1.825577531,1.026811412,-0.8615497365,1.277203257,1.790367442,-0.06113973839
1.822505998,1.025760914,-0.8665878216,1.278667654,1.789439592,-0.06030331674
1.816621743,1.023487659,-0.8760704933,1.278847576,1.789361475,-0.06021143916
1.807094349,1.01973139,-0.8921422559,1.276683797,1.79085301,-0.06148396311
1.793053072,1.014368974,-0.9172436024,1.271260224,1.79452925,-0.06465473274
1.773727515,1.007446046,-0.953486061,1.261943144,1.800778944,-0.07008172078
1.748653498,0.9991300387,-1.001907381,1.248568887,1.809621929,-0.07783289978
1.71788253,0.9895708463,-1.061859962,1.231656793,1.820589105,-0.08756912834
1.682124379,0.9787405684,-1.13077971,1.212574448,1.832691213,-0.09847187129
1.642769581,0.9663853001,-1.204457691,1.193536993,1.844533483,-0.1092786016
1.601759006,0.9521888334,-1.277769907,1.177312829,1.854576067,-0.1184732373
1.561297742,0.936117504,-1.345686305,1.16660987,1.861464959,-0.1246191566
1.52349272,0.9187733095,-1.404285828,1.163308654,1.864312031,-0.1267344567
1.490079433,0.9015409714,-1.451457617,1.167900147,1.862823681,-0.1245440587
1.462398955,0.8864119673,-1.48701056,1.179484949,1.857243361,-0.1184624282
1.44161784,0.875537604,-1.512106815,1.196402818,1.848118274,-0.1092842341
1.428984479,0.8706894405,-1.528221747,1.217167694,1.835935565,-0.09772018819
1.425869074,0.8728159876,-1.536049855,1.24121403,1.82073982,-0.0839978696
1.433497427,0.8818105642,-1.534791631,1.269126475,1.801875462,-0.067696538
1.452482906,0.8965180307,-1.52211398,1.302313987,1.777964046,-0.04786378503
1.482332037,0.9149524633,-1.494886341,1.342279256,1.747161883,-0.02337013905
1.52107797,0.9346854091,-1.450603472,1.389700615,1.70770941,0.006576294437
1.565231394,0.9533630292,-1.389145073,1.443634555,1.658755735,0.04187724072
1.610289889,0.9692673868,-1.31415291,1.50127554,1.601243796,0.08118401031
1.651861469,0.981737708,-1.23302724,1.558612184,1.538315745,0.1220229051
1.686937822,0.9912122937,-1.154958647,1.611776767,1.474676066,0.1614991566
1.71456777,0.9988259032,-1.087725813,1.658289103,1.41500541,0.197250666
1.735641578,1.005819472,-1.035077104,1.697504013,1.362325617,0.2281141803
1.752180902,1.013117064,-0.9960773054,1.730267729,1.317229855,0.2542295076
1.766643427,1.021183801,-0.9662991723,1.758271337,1.278126663,0.2767207544
1.781392464,1.030041873,-0.9397413245,1.783498953,1.242033232,0.2972459469
1.798243372,1.039327691,-0.9104810864,1.807839972,1.205445129,0.3175860461
1.818048701,1.048397163,-0.8737690713,1.832763968,1.165118719,0.3392838128
1.840449212,1.05651914,-0.8267552706,1.859003537,1.118784633,0.3633065887
1.863988526,1.063117904,-0.7690075527,1.886345059,1.065741385,0.3897869011
1.886662874,1.067965193,-0.7026595294,1.913708337,1.007136541,0.4179669724
1.906702865,1.071236647,-0.6318859311,1.939561044,0.9457241998,0.4464292485
1.923188746,1.073411996,-0.5616974441,1.962485311,0.8850963254,0.4735445435
1.936206841,1.075066608,-0.4965186061,1.981604165,0.8286702434,0.4979417298
1.946576606,1.076646093,-0.4391699895,1.996711061,0.7788512081,0.5188110489
1.955401395,1.078325641,-0.3905747639,2.008148823,0.7366538343,0.535973752
1.963675621,1.080002999,-0.3500881159,2.016586718,0.7018093565,0.5497646863
1.972036909,1.081411994,-0.3161381378,2.022801603,0.6731964118,0.560819147
1.980660176,1.082288135,-0.2868983995,2.027505465,0.6493800926,0.5698428437
1.989287458,1.082512422,-0.2608315956,2.031228728,0.6290880378,0.5774235393
1.997386854,1.082181428,-0.237037458,2.034273478,0.6115258043,0.5839172594
2.004388415,1.081593838,-0.2153855889,2.036733964,0.5965067065,0.5894163666
2.009905708,1.081176145,-0.1964387426,2.038562113,0.5844037082,0.5937892736
2.013850684,1.0813692,-0.1811930835,2.039648686,0.5759370501,0.5967755069
2.016404812,1.082490987,-0.1706922673,2.039901974,0.5718295446,0.5981205853
2.017878202,1.084593813,-0.1656056405,2.039316149,0.5724087793,0.5977227152
2.018537724,1.087358653,-0.1658840208,2.038022222,0.5772921559,0.5957477951
2.018500326,1.09008765,-0.170615642,2.036306765,0.5852968889,0.5926639893
2.017741398,1.091842421,-0.1781916966,2.034573399,0.5946663832,0.5891583662
2.016195538,1.091727916,-0.1868344188,2.033224391,0.6036080414,0.5859282948
2.013858844,1.089254739,-0.1954256927,2.032473128,0.611038529,0.5833841159
2.010796548,1.084664683,-0.2044242412,2.03215444,0.6173519109,0.5813433399
2.007009266,1.079077857,-0.216540784,2.031616345,0.6249688317,0.5788230905
2.002176275,1.074334984,-0.2368036946,2.029734613,0.6383816933,0.574031521
1.995360168,1.072448211,-0.2716921864,2.024998938,0.6634002976,0.5646301349
1.984846353,1.074673393,-0.327150949,2.015625196,0.7054067502,0.548306738
1.968419376,1.080461855,-0.4057104724,1.999805406,0.7668354952,0.5236365936
1.944357296,1.086935095,-0.5038796918,1.976361379,0.8449512542,0.491005851
1.912843094,1.089669497,-0.6119541514,1.945715081,0.9317891366,0.4529965366
1.876551441,1.084779034,-0.7175276067,1.910238905,1.017312083,0.4135591676
1.839403531,1.07096012,-0.8106656763,1.873091416,1.094020705,0.3761700109
1.804429513,1.050060627,-0.8866699616,1.836274753,1.159565347,0.3423015142
1.772788994,1.026088569,-0.9448528272,1.799694152,1.215885571,0.3113278129
1.744583502,1.003543981,-0.9854559059,1.76188781,1.266387397,0.2816597946
1.720275734,0.9858970247,-1.007633716,1.721570518,1.313455748,0.2520857796
1.701313071,0.9747160714,-1.009743521,1.678786221,1.357569195,0.2224767376
1.689549524,0.9696354753,-0.9911831109,1.634993888,1.397932797,0.1936266642
1.686063531,0.9689818778,-0.9540419576,1.592214215,1.433692866,0.1665599364
1.69028439,0.9706429082,-0.9033303663,1.552004301,1.464770432,0.1418899398
1.699977871,0.9727830686,-0.8457861842,1.515024186,1.491937967,0.1196314756
1.712012836,0.9741971503,-0.7880665023,1.481310361,1.516358639,0.09944465374
1.723438956,0.9743339732,-0.7352031733,1.450782148,1.539039494,0.08099264015
1.732392112,0.9731885561,-0.6898564451,1.423479887,1.560533877,0.06412234155
1.738534988,0.9712355511,-0.6524245625,1.399424101,1.580952342,0.04880799215
1.742957538,0.969392287,-0.6216486453,1.378360875,1.600132459,0.03500284737
1.747637593,0.9688584094,-0.5951917752,1.359744411,1.61777217,0.0225921926
1.754675116,0.9707238571,-0.5698793281,1.343105488,1.633421077,0.01153548825
1.765544446,0.9754418924,-0.5417220773,1.328623124,1.646369171,0.00211639198
1.780567089,0.9824359214,-0.5061726892,1.317489645,1.655584612,-0.0049000255
1.798739829,0.9901059228,-0.4590098205,1.311693858,1.659859422,-0.008393672545
1.81797622,0.9963186116,-0.3977890967,1.313150526,1.658206782,-0.007339725739
1.835738856,0.9992300593,-0.3232494368,1.322556213,1.650389218,-0.001402375101
1.84990118,0.9980841583,-0.2398222463,1.338653967,1.637336472,0.008659914549
1.859490983,0.9935671025,-0.1547182149,1.358428869,1.621184957,0.02105638305
1.864903379,0.9874793402,-0.07586372338,1.378158203,1.604798256,0.03350711291
1.867456017,0.9818958761,-0.009676792955,1.394687633,1.590913089,0.04398595647
1.868619264,0.9783039192,0.04029034772,1.406277009,1.581326045,0.05128793822
1.869425828,0.9771683102,0.07343458255,1.412749041,1.576520621,0.05519891445
1.870319438,0.9780422119,0.09118775296,1.415073237,1.575855372,0.05628084849
1.871339889,0.9800288055,0.09569472728,1.414671402,1.578128175,0.05543753523
1.87238758,0.982297408,0.0886401633,1.412719225,1.582210303,0.05345715118
1.873368723,0.9844237407,0.07059418502,1.409651901,1.587501082,0.05068715894
1.874156078,0.9864593261,0.04102311094,1.405009935,1.594071524,0.04693196696
1.874409966,0.9887490066,-0.001106550757,1.397663483,1.602476692,0.04159531105
1.873380193,0.9916006511,-0.05638325335,1.386346829,1.613304052,0.0340192658
1.869836225,0.9949560098,-0.1240227353,1.370332424,1.626630336,0.02390530495
1.862241955,0.9982064596,-0.2013192676,1.350027599,1.641626459,0.01165972681
1.849169253,1.000241024,-0.2837437881,1.327268192,1.656534555,-0.001488076338
1.829811567,0.9997312774,-0.3657822791,1.305139282,1.669070567,-0.01367582475
1.804380403,0.995575936,-0.4423549213,1.287293596,1.677074381,-0.02286410758
1.774223113,0.9873630245,-0.5103773245,1.276963726,1.679096609,-0.02738867943
1.741651247,0.9756828654,-0.5698672658,1.276055611,1.674686844,-0.02639117253
1.709590591,0.9621669644,-0.6241021237,1.284709401,1.664351199,-0.01997251671
1.681129553,0.9491989669,-0.678639357,1.301515338,1.649299838,-0.009034361625
1.658940003,0.9393321663,-0.7393713422,1.324295778,1.631087171,0.00512647348
1.644570495,0.934538567,-0.8100964521,1.351159123,1.61116303,0.02135305957
1.637853152,0.9355130191,-0.8903166509,1.381428193,1.590333961,0.03914385121
1.636907704,0.9413228101,-0.9740926139,1.416035348,1.568230318,0.05896404436
1.639084401,0.9496577106,-1.050727698,1.457038199,1.54302768,0.08214739017
1.642484272,0.9577302776,-1.107640623,1.50618138,1.511763221,0.1102551643
1.647016422,0.9635080971,-1.134862434,1.563041514,1.471505987,0.144018646
1.654203877,0.9666515052,-1.129370162,1.624006565,1.421178452,0.1823984264
1.666100267,0.9686037669,-1.096704503,1.683231005,1.362993464,0.222509198
1.684275344,0.9717822638,-1.048165717,1.735211252,1.302035268,0.2607217307
1.709236675,0.9783606201,-0.9947381166,1.777058861,1.243682463,0.2943069953
1.740095486,0.9892915527,-0.9416062353,1.808974509,1.190626658,0.3225223175
1.774495754,1.003926363,-0.8866970077,1.833245763,1.141694503,0.3465903001
1.809042015,1.020230358,-0.823592417,1.852904046,1.093013119,0.3688361734
1.84020382,1.035447261,-0.7464326139,1.870634939,1.04035819,0.3915611191
1.865333474,1.047006248,-0.6537547873,1.888042941,0.9812133467,0.4161377024
1.883356949,1.053364045,-0.5494306194,1.90538098,0.9157217094,0.4426180893
1.894855525,1.054439999,-0.4408617005,1.921834889,0.8464568397,0.4699114329
1.901544875,1.051454897,-0.3359812225,1.936174004,0.7773726906,0.496349444
1.905426493,1.046280739,-0.2407294833,1.947372896,0.7124710605,0.5203269471
1.908005862,1.040658476,-0.1578839592,1.954924344,0.6547017293,0.5407547488
1.909879715,1.035643399,-0.08721919803,1.958842925,0.6054087377,0.5572296973
1.910787886,1.031438513,-0.02647547079,1.959531793,0.5643591064,0.5699752339
1.910025107,1.02755982,0.02742768103,1.957651425,0.5301919063,0.5796550881
1.906990035,1.023179708,0.07732919971,1.954020305,0.5010589667,0.5871412958
1.90161947,1.017505476,0.1251271794,1.949504436,0.4752509149,0.5932813722
1.894524272,1.01009267,0.1715069241,1.944862854,0.4516581315,0.5987001478
1.886792021,1.001027451,0.2160473438,1.940590089,0.4299752501,0.6036776211
1.87960399,0.9909409566,0.2575833978,1.936841376,0.4106166,0.6081465572
1.873883001,0.980849489,0.2946776299,1.933494342,0.3943753114,0.6118194456
1.870116131,0.9718639808,0.3260668756,1.930315109,0.3819368652,0.6143991952
1.868351917,0.9648583719,0.3509889042,1.927142919,0.3734203021,0.6157888362
1.868284946,0.9602159505,0.3693451712,1.92401468,0.3681235826,0.6162158374
1.869356545,0.9577416077,0.3817004786,1.921190432,0.3645745343,0.6162263954
1.870867788,0.9567703985,0.3891445814,1.919073814,0.3608661142,0.6165531659
1.872126975,0.9564199946,0.3930549071,1.918049024,0.3551487117,0.6179041564
1.872623333,0.9558824767,0.3948240068,1.918299886,0.3461079569,0.6207487848
1.872158643,0.9546375954,0.3956357245,1.91970223,0.3332798995,0.6251810171
1.870861517,0.9525150127,0.3963543413,1.921850977,0.31712497,0.6309075771
1.869067388,0.9496078102,0.3975277806,1.924207413,0.2988603891,0.6373543564